"table_schema","table_name","column_name","data_type","is_nullable","column_default","foreign_table","foreign_column"
"public","ai_insights","id","character varying","NO",,,
"public","ai_insights","subscriber_id","character varying","NO",,"subscribers","id"
"public","ai_insights","ai_source","USER-DEFINED","NO",,,
"public","ai_insights","function_category","character varying","NO",,,
"public","ai_insights","insight_type","character varying","NO",,,
"public","ai_insights","priority","USER-DEFINED","NO",,,
"public","ai_insights","title","character varying","NO",,,
"public","ai_insights","description","text","NO",,,
"public","ai_insights","data","json","YES",,,
"public","ai_insights","status","USER-DEFINED","NO",,,
"public","ai_insights","target_users","json","YES",,,
"public","ai_insights","created_at","timestamp without time zone","YES",,,
"public","ai_insights","dismissed_at","timestamp without time zone","YES",,,
"public","ai_insights","dismissed_by","character varying","YES",,"users","id"
"public","alembic_version","version_num","character varying","NO",,,
"public","authorities","id","character varying","NO",,,
"public","authorities","company_id","character varying","NO",,"companies","id"
"public","authorities","name","character varying","NO",,,
"public","authorities","authority_type","character varying","NO",,,
"public","authorities","dot_mc_number","character varying","YES",,,
"public","authorities","fmc_number","character varying","YES",,,
"public","authorities","license_number","character varying","YES",,,
"public","authorities","is_active","boolean","YES",,,
"public","authorities","is_primary","boolean","YES",,,
"public","authorities","effective_date","timestamp with time zone","YES",,,
"public","authorities","expiration_date","timestamp with time zone","YES",,,
"public","authorities","contact_name","character varying","YES",,,
"public","authorities","contact_phone","character varying","YES",,,
"public","authorities","contact_email","character varying","YES",,,
"public","authorities","business_address","text","YES",,,
"public","authorities","settings","json","YES",,,
"public","authorities","insurance_requirements","json","YES",,,
"public","authorities","compliance_requirements","json","YES",,,
"public","authorities","default_payment_terms","character varying","YES",,,
"public","authorities","default_currency","character varying","YES",,,
"public","authorities","tax_id","character varying","YES",,,
"public","authorities","created_at","timestamp with time zone","YES",,,
"public","authorities","updated_at","timestamp with time zone","YES",,,
"public","authority_audit_logs","id","character varying","NO",,,
"public","authority_audit_logs","authority_id","character varying","NO",,"authorities","id"
"public","authority_audit_logs","user_id","character varying","YES",,"users","id"
"public","authority_audit_logs","action","character varying","NO",,,
"public","authority_audit_logs","entity_type","character varying","YES",,,
"public","authority_audit_logs","entity_id","character varying","YES",,,
"public","authority_audit_logs","old_values","json","YES",,,
"public","authority_audit_logs","new_values","json","YES",,,
"public","authority_audit_logs","change_summary","text","YES",,,
"public","authority_audit_logs","ip_address","character varying","YES",,,
"public","authority_audit_logs","user_agent","text","YES",,,
"public","authority_audit_logs","session_id","character varying","YES",,,
"public","authority_audit_logs","created_at","timestamp with time zone","YES",,,
"public","authority_customers","id","character varying","NO",,,
"public","authority_customers","authority_id","character varying","NO",,"authorities","id"
"public","authority_customers","customer_id","character varying","NO",,"customers","id"
"public","authority_customers","is_primary","boolean","YES",,,
"public","authority_customers","relationship_type","character varying","YES",,,
"public","authority_customers","payment_terms","character varying","YES",,,
"public","authority_customers","credit_limit","integer","YES",,,
"public","authority_customers","special_instructions","text","YES",,,
"public","authority_customers","contract_start_date","timestamp with time zone","YES",,,
"public","authority_customers","contract_end_date","timestamp with time zone","YES",,,
"public","authority_customers","contract_terms","json","YES",,,
"public","authority_customers","created_at","timestamp with time zone","YES",,,
"public","authority_customers","updated_at","timestamp with time zone","YES",,,
"public","authority_financials","id","character varying","NO",,,
"public","authority_financials","authority_id","character varying","NO",,"authorities","id"
"public","authority_financials","period_start","timestamp with time zone","NO",,,
"public","authority_financials","period_end","timestamp with time zone","NO",,,
"public","authority_financials","period_type","character varying","YES",,,
"public","authority_financials","total_revenue","integer","YES",,,
"public","authority_financials","load_count","integer","YES",,,
"public","authority_financials","average_rate","integer","YES",,,
"public","authority_financials","gross_revenue","integer","YES",,,
"public","authority_financials","carrier_payments","integer","YES",,,
"public","authority_financials","ocean_freight_costs","integer","YES",,,
"public","authority_financials","port_charges","integer","YES",,,
"public","authority_financials","fuel_cost","integer","YES",,,
"public","authority_financials","maintenance_cost","integer","YES",,,
"public","authority_financials","driver_pay","integer","YES",,,
"public","authority_financials","overhead_cost","integer","YES",,,
"public","authority_financials","total_expenses","integer","YES",,,
"public","authority_financials","gross_profit","integer","YES",,,
"public","authority_financials","net_profit","integer","YES",,,
"public","authority_financials","profit_margin","integer","YES",,,
"public","authority_financials","carrier_count","integer","YES",,,
"public","authority_financials","average_margin_percent","integer","YES",,,
"public","authority_financials","container_count","integer","YES",,,
"public","authority_financials","teu_count","integer","YES",,,
"public","authority_financials","loads_managed","integer","YES",,,
"public","authority_financials","customer_count","integer","YES",,,
"public","authority_financials","created_at","timestamp with time zone","YES",,,
"public","authority_financials","updated_at","timestamp with time zone","YES",,,
"public","authority_integrations","id","character varying","NO",,,
"public","authority_integrations","authority_id","character varying","NO",,"authorities","id"
"public","authority_integrations","integration_type","character varying","NO",,,
"public","authority_integrations","provider_name","character varying","NO",,,
"public","authority_integrations","provider_id","character varying","YES",,,
"public","authority_integrations","is_active","boolean","YES",,,
"public","authority_integrations","configuration","json","YES",,,
"public","authority_integrations","credentials","json","YES",,,
"public","authority_integrations","last_sync","timestamp with time zone","YES",,,
"public","authority_integrations","sync_frequency","character varying","YES",,,
"public","authority_integrations","error_count","integer","YES",,,
"public","authority_integrations","last_error","text","YES",,,
"public","authority_integrations","created_at","timestamp with time zone","YES",,,
"public","authority_integrations","updated_at","timestamp with time zone","YES",,,
"public","authority_users","id","character varying","NO",,,
"public","authority_users","authority_id","character varying","NO",,"authorities","id"
"public","authority_users","user_id","character varying","NO",,"users","id"
"public","authority_users","can_view","boolean","YES",,,
"public","authority_users","can_edit","boolean","YES",,,
"public","authority_users","can_manage","boolean","YES",,,
"public","authority_users","can_create_loads","boolean","YES",,,
"public","authority_users","can_view_financials","boolean","YES",,,
"public","authority_users","can_manage_customers","boolean","YES",,,
"public","authority_users","is_primary_authority","boolean","YES",,,
"public","authority_users","assigned_at","timestamp with time zone","YES",,,
"public","authority_users","assigned_by_id","character varying","YES",,"users","id"
"public","authority_users","created_at","timestamp with time zone","YES",,,
"public","authority_users","updated_at","timestamp with time zone","YES",,,
"public","banking_accounts","id","uuid","NO","gen_random_uuid()",,
"public","banking_accounts","customer_id","uuid","NO",,"banking_customers","id"
"public","banking_accounts","synctera_account_id","character varying","YES",,,
"public","banking_accounts","account_type","character varying","NO",,,
"public","banking_accounts","account_number","character varying","YES",,,
"public","banking_accounts","routing_number","character varying","YES",,,
"public","banking_accounts","account_name","character varying","NO",,,
"public","banking_accounts","available_balance","double precision","YES","0.0",,
"public","banking_accounts","current_balance","double precision","YES","0.0",,
"public","banking_accounts","pending_balance","double precision","YES","0.0",,
"public","banking_accounts","status","character varying","YES","'active'::character varying",,
"public","banking_accounts","created_at","timestamp with time zone","YES","now()",,
"public","banking_accounts","updated_at","timestamp with time zone","YES","now()",,
"public","banking_cards","id","uuid","NO","gen_random_uuid()",,
"public","banking_cards","account_id","uuid","NO",,"banking_accounts","id"
"public","banking_cards","synctera_card_id","character varying","YES",,,
"public","banking_cards","card_type","character varying","NO",,,
"public","banking_cards","card_number","character varying","YES",,,
"public","banking_cards","last_four","character varying","YES",,,
"public","banking_cards","expiry_date","character varying","YES",,,
"public","banking_cards","cvv","character varying","YES",,,
"public","banking_cards","card_name","character varying","NO",,,
"public","banking_cards","assigned_to","character varying","YES",,,
"public","banking_cards","daily_limit","double precision","YES",,,
"public","banking_cards","monthly_limit","double precision","YES",,,
"public","banking_cards","restrictions","json","YES",,,
"public","banking_cards","status","character varying","YES","'active'::character varying",,
"public","banking_cards","is_enabled","boolean","YES","true",,
"public","banking_cards","created_at","timestamp with time zone","YES","now()",,
"public","banking_cards","updated_at","timestamp with time zone","YES","now()",,
"public","banking_customers","id","uuid","NO","gen_random_uuid()",,
"public","banking_customers","company_id","character varying","NO",,"companies","id"
"public","banking_customers","synctera_person_id","character varying","YES",,,
"public","banking_customers","synctera_business_id","character varying","YES",,,
"public","banking_customers","legal_name","character varying","NO",,,
"public","banking_customers","ein","character varying","NO",,,
"public","banking_customers","business_address","text","NO",,,
"public","banking_customers","business_city","character varying","NO",,,
"public","banking_customers","business_state","character varying","NO",,,
"public","banking_customers","business_zip_code","character varying","NO",,,
"public","banking_customers","naics_code","character varying","NO",,,
"public","banking_customers","website","character varying","YES",,,
"public","banking_customers","control_person_name","character varying","NO",,,
"public","banking_customers","kyb_status","character varying","YES","'pending'::character varying",,
"public","banking_customers","kyb_submitted_at","timestamp with time zone","YES",,,
"public","banking_customers","kyb_approved_at","timestamp with time zone","YES",,,
"public","banking_customers","kyb_rejection_reason","text","YES",,,
"public","banking_customers","status","character varying","YES","'active'::character varying",,
"public","banking_customers","created_at","timestamp with time zone","YES","now()",,
"public","banking_customers","updated_at","timestamp with time zone","YES","now()",,
"public","banking_transactions","id","uuid","NO","gen_random_uuid()",,
"public","banking_transactions","account_id","uuid","NO",,"banking_accounts","id"
"public","banking_transactions","card_id","uuid","YES",,"banking_cards","id"
"public","banking_transactions","synctera_transaction_id","character varying","YES",,,
"public","banking_transactions","amount","double precision","NO",,,
"public","banking_transactions","type","character varying","NO",,,
"public","banking_transactions","category","character varying","YES",,,
"public","banking_transactions","description","text","YES",,,
"public","banking_transactions","merchant_name","character varying","YES",,,
"public","banking_transactions","merchant_category","character varying","YES",,,
"public","banking_transactions","reference_id","character varying","YES",,,
"public","banking_transactions","transaction_date","timestamp with time zone","NO",,,
"public","banking_transactions","posted_date","timestamp with time zone","YES",,,
"public","banking_transactions","status","character varying","YES","'pending'::character varying",,
"public","banking_transactions","transaction_metadata","json","YES",,,
"public","banking_transactions","created_at","timestamp with time zone","YES","now()",,
"public","banking_transfers","id","uuid","NO","gen_random_uuid()",,
"public","banking_transfers","from_account_id","uuid","NO",,"banking_accounts","id"
"public","banking_transfers","to_account_id","uuid","YES",,"banking_accounts","id"
"public","banking_transfers","synctera_transfer_id","character varying","YES",,,
"public","banking_transfers","amount","double precision","NO",,,
"public","banking_transfers","transfer_type","character varying","NO",,,
"public","banking_transfers","description","text","YES",,,
"public","banking_transfers","recipient_name","character varying","YES",,,
"public","banking_transfers","recipient_account","character varying","YES",,,
"public","banking_transfers","recipient_routing","character varying","YES",,,
"public","banking_transfers","status","character varying","YES","'pending'::character varying",,
"public","banking_transfers","scheduled_date","timestamp with time zone","YES",,,
"public","banking_transfers","completed_date","timestamp with time zone","YES",,,
"public","banking_transfers","transfer_metadata","json","YES",,,
"public","banking_transfers","created_at","timestamp with time zone","YES","now()",,
"public","banking_transfers","updated_at","timestamp with time zone","YES","now()",,
"public","bills","id","character varying","NO",,,
"public","bills","companyId","character varying","NO",,,
"public","bills","vendorId","character varying","YES",,"vendors","id"
"public","bills","vendorName","character varying","NO",,,
"public","bills","amount","numeric","NO",,,
"public","bills","billDate","date","YES",,,
"public","bills","dueDate","date","YES",,,
"public","bills","category","character varying","YES",,,
"public","bills","status","character varying","YES","'pending'::text",,
"public","bills","notes","character varying","YES",,,
"public","bills","createdAt","timestamp without time zone","YES","CURRENT_TIMESTAMP",,
"public","bills","updatedAt","timestamp without time zone","YES","CURRENT_TIMESTAMP",,
"public","bonus_payments","id","integer","NO","nextval('bonus_payments_id_seq'::regclass)",,
"public","bonus_payments","bonus_type","character varying","NO",,,
"public","bonus_payments","tax_withholding","character varying","NO",,,
"public","bonus_payments","bonus_amount","double precision","NO",,,
"public","bonus_payments","bonus_reason","text","NO",,,
"public","bonus_payments","effective_date","date","NO",,,
"public","bonus_payments","employee_ids_json","text","NO",,,
"public","bonus_payments","created_at","timestamp without time zone","YES",,,
"public","broker_commissions","id","character varying","NO",,,
"public","broker_commissions","load_id","character varying","NO",,"simple_loads","id"
"public","broker_commissions","broker_company_id","character varying","NO",,"companies","id"
"public","broker_commissions","carrier_company_id","character varying","NO",,"companies","id"
"public","broker_commissions","total_load_value","numeric","NO",,,
"public","broker_commissions","commission_percentage","numeric","NO",,,
"public","broker_commissions","commission_amount","numeric","NO",,,
"public","broker_commissions","payment_status","character varying","NO",,,
"public","broker_commissions","payment_date","timestamp without time zone","YES",,,
"public","broker_commissions","settlement_id","character varying","YES",,,
"public","broker_commissions","notes","character varying","YES",,,
"public","broker_commissions","created_at","timestamp without time zone","YES",,,
"public","broker_commissions","updated_at","timestamp without time zone","YES",,,
"public","companies","id","character varying","NO",,,
"public","companies","name","character varying","NO",,,
"public","companies","email","character varying","YES",,,
"public","companies","phone","character varying","YES",,,
"public","companies","address","character varying","YES",,,
"public","companies","city","character varying","YES",,,
"public","companies","state","character varying","YES",,,
"public","companies","zipCode","character varying","YES",,,
"public","companies","dotNumber","character varying","YES",,,
"public","companies","mcNumber","character varying","YES",,,
"public","companies","ein","character varying","YES",,,
"public","companies","businessType","character varying","YES",,,
"public","companies","yearsInBusiness","integer","YES",,,
"public","companies","numberOfTrucks","integer","YES",,,
"public","companies","walletBalance","numeric","YES",,,
"public","companies","subscriptionStatus","character varying","YES",,,
"public","companies","subscriptionPlan","character varying","YES",,,
"public","companies","stripeCustomerId","character varying","YES",,,
"public","companies","railsrEnduserId","character varying","YES",,,
"public","companies","railsrLedgerId","character varying","YES",,,
"public","companies","bankAccountNumber","character varying","YES",,,
"public","companies","bankRoutingNumber","character varying","YES",,,
"public","companies","gustoCompanyId","character varying","YES",,,
"public","companies","gustoAccessToken","character varying","YES",,,
"public","companies","gustoRefreshToken","character varying","YES",,,
"public","companies","gustoTokenExpiry","timestamp without time zone","YES",,,
"public","companies","createdAt","timestamp without time zone","YES",,,
"public","companies","updatedAt","timestamp without time zone","YES",,,
"public","companies","isActive","boolean","YES",,,
"public","companies","handlesContainers","boolean","YES",,,
"public","companies","containerTrackingEnabled","boolean","YES",,,
"public","companies","subscriber_id","character varying","YES",,"subscribers","id"
"public","companies","joinCode","character varying","YES",,,
"public","company_port_addons","id","character varying","NO",,,
"public","company_port_addons","company_id","character varying","NO",,"companies","id"
"public","company_port_addons","pricing_model","USER-DEFINED","NO",,,
"public","company_port_addons","monthly_price","numeric","YES",,,
"public","company_port_addons","subscription_start","timestamp without time zone","YES",,,
"public","company_port_addons","subscription_end","timestamp without time zone","YES",,,
"public","company_port_addons","auto_renew","boolean","YES",,,
"public","company_port_addons","current_month","character varying","YES",,,
"public","company_port_addons","current_month_requests","integer","YES",,,
"public","company_port_addons","current_month_cost","numeric","YES",,,
"public","company_port_addons","auto_optimize","boolean","YES",,,
"public","company_port_addons","last_optimization_check","timestamp without time zone","YES",,,
"public","company_port_addons","stripe_subscription_id","character varying","YES",,,
"public","company_port_addons","next_billing_date","timestamp without time zone","YES",,,
"public","company_port_addons","is_active","boolean","YES",,,
"public","company_port_addons","created_at","timestamp without time zone","YES","now()",,
"public","company_port_addons","updated_at","timestamp without time zone","YES","now()",,
"public","company_subscriptions","id","character varying","NO",,,
"public","company_subscriptions","company_id","character varying","NO",,"companies","id"
"public","company_subscriptions","stripe_customer_id","character varying","NO",,,
"public","company_subscriptions","stripe_subscription_id","character varying","NO",,,
"public","company_subscriptions","plan_id","character varying","NO",,"subscription_plans","id"
"public","company_subscriptions","status","character varying","NO",,,
"public","company_subscriptions","current_period_start","timestamp without time zone","YES",,,
"public","company_subscriptions","current_period_end","timestamp without time zone","YES",,,
"public","company_subscriptions","cancel_at_period_end","boolean","YES",,,
"public","company_subscriptions","canceled_at","timestamp without time zone","YES",,,
"public","company_subscriptions","amount","numeric","NO",,,
"public","company_subscriptions","currency","character varying","NO",,,
"public","company_subscriptions","interval","character varying","NO",,,
"public","company_subscriptions","trial_start","timestamp without time zone","YES",,,
"public","company_subscriptions","trial_end","timestamp without time zone","YES",,,
"public","company_subscriptions","created_at","timestamp without time zone","YES","now()",,
"public","company_subscriptions","updated_at","timestamp without time zone","YES","now()",,
"public","company_users","id","character varying","NO",,,
"public","company_users","user_id","character varying","NO",,"users","id"
"public","company_users","company_id","character varying","NO",,"companies","id"
"public","company_users","role","character varying","NO",,,
"public","company_users","permissions","json","YES",,,
"public","company_users","is_active","boolean","YES",,,
"public","company_users","created_at","timestamp without time zone","YES",,,
"public","company_users","updated_at","timestamp without time zone","YES",,,
"public","conversation_read_status","id","character varying","NO",,,
"public","conversation_read_status","conversation_id","character varying","NO",,"conversations","id"
"public","conversation_read_status","participant_id","character varying","NO",,,
"public","conversation_read_status","company_id","character varying","NO",,"companies","id"
"public","conversation_read_status","last_read_at","timestamp without time zone","YES",,,
"public","conversation_read_status","unread_count","integer","YES",,,
"public","conversation_read_status","created_at","timestamp without time zone","YES","now()",,
"public","conversation_read_status","updated_at","timestamp without time zone","YES","now()",,
"public","conversation_read_status","participant_type","character varying","NO","'user'::character varying",,
"public","conversations","id","character varying","NO",,,
"public","conversations","company_id","character varying","NO",,"companies","id"
"public","conversations","participant1_id","character varying","YES",,,
"public","conversations","participant2_id","character varying","YES",,,
"public","conversations","last_message_at","timestamp without time zone","YES",,,
"public","conversations","message_count","integer","YES",,,
"public","conversations","created_at","timestamp without time zone","YES","now()",,
"public","conversations","updated_at","timestamp without time zone","YES","now()",,
"public","conversations","created_by","character varying","NO",,,
"public","conversations","is_active","boolean","YES",,,
"public","conversations","participant1_type","character varying","YES","'user'::character varying",,
"public","conversations","participant2_type","character varying","YES","'user'::character varying",,
"public","conversations","created_by_type","character varying","NO","'user'::character varying",,
"public","conversations","conversation_type","USER-DEFINED","NO",,,
"public","conversations","team_id","character varying","YES",,,
"public","conversations","team_name","character varying","YES",,,
"public","conversations","subscriber_id","character varying","YES",,"subscribers","id"
"public","conversations","ai_source","character varying","YES",,,
"public","conversations","is_ai_conversation","boolean","YES",,,
"public","conversations","group_name","character varying","YES",,,
"public","conversations","group_description","text","YES",,,
"public","conversations","is_announcement","boolean","YES",,,
"public","conversations","announcement_title","character varying","YES",,,
"public","customers","id","character varying","NO",,,
"public","customers","companyId","character varying","NO",,,
"public","customers","name","character varying","NO",,,
"public","customers","contactPerson","character varying","YES",,,
"public","customers","email","character varying","YES",,,
"public","customers","phone","character varying","YES",,,
"public","customers","address","character varying","YES",,,
"public","customers","city","character varying","YES",,,
"public","customers","state","character varying","YES",,,
"public","customers","zipCode","character varying","YES",,,
"public","customers","creditLimit","numeric","YES",,,
"public","customers","paymentTerms","integer","YES",,,
"public","customers","status","character varying","YES",,,
"public","customers","totalRevenue","numeric","YES",,,
"public","customers","lastOrder","date","YES",,,
"public","customers","createdAt","timestamp without time zone","YES","now()",,
"public","customers","updatedAt","timestamp without time zone","YES","now()",,
"public","customers","details","json","YES",,,
"public","dispatch_legs","id","character varying","NO",,,
"public","dispatch_legs","load_id","character varying","NO",,"loads","id"
"public","dispatch_legs","company_id","character varying","NO",,"companies","id"
"public","dispatch_legs","driver_id","character varying","YES",,"drivers","id"
"public","dispatch_legs","truck_id","character varying","YES",,"trucks","id"
"public","dispatch_legs","trailer_id","character varying","YES",,,
"public","dispatch_legs","chassis_id","character varying","YES",,,
"public","dispatch_legs","action_type","character varying","NO",,,
"public","dispatch_legs","location","text","NO",,,
"public","dispatch_legs","eta","timestamp without time zone","YES",,,
"public","dispatch_legs","etd","timestamp without time zone","YES",,,
"public","dispatch_legs","actual_arrival","timestamp without time zone","YES",,,
"public","dispatch_legs","actual_departure","timestamp without time zone","YES",,,
"public","dispatch_legs","completed","boolean","YES",,,
"public","dispatch_legs","leg_order","integer","NO",,,
"public","dispatch_legs","notes","text","YES",,,
"public","dispatch_legs","created_at","timestamp without time zone","YES","now()",,
"public","dispatch_legs","updated_at","timestamp without time zone","YES","now()",,
"public","documents","id","character varying","NO",,,
"public","documents","companyId","character varying","NO",,,
"public","documents","name","character varying","NO",,,
"public","documents","type","character varying","NO",,,
"public","documents","category","character varying","NO",,,
"public","documents","description","text","YES",,,
"public","documents","fileName","character varying","NO",,,
"public","documents","fileSize","integer","YES",,,
"public","documents","fileType","character varying","YES",,,
"public","documents","filePath","character varying","YES",,,
"public","documents","employeeId","character varying","YES",,,
"public","documents","employeeName","character varying","YES",,,
"public","documents","status","character varying","YES",,,
"public","documents","uploadDate","timestamp without time zone","YES","now()",,
"public","documents","expiryDate","timestamp without time zone","YES",,,
"public","documents","details","json","YES",,,
"public","documents","createdAt","timestamp without time zone","YES","now()",,
"public","documents","updatedAt","timestamp without time zone","YES","now()",,
"public","driver_hos_logs","id","character varying","NO",,,
"public","driver_hos_logs","companyId","character varying","NO",,"companies","id"
"public","driver_hos_logs","driverId","character varying","NO",,"drivers","id"
"public","driver_hos_logs","equipmentId","character varying","NO",,"equipment","id"
"public","driver_hos_logs","logDate","date","NO",,,
"public","driver_hos_logs","drivingTime","integer","YES",,,
"public","driver_hos_logs","onDutyTime","integer","YES",,,
"public","driver_hos_logs","offDutyTime","integer","YES",,,
"public","driver_hos_logs","sleeperTime","integer","YES",,,
"public","driver_hos_logs","hasRequiredBreaks","boolean","YES",,,
"public","driver_hos_logs","breakViolations","json","YES",,,
"public","driver_hos_logs","elevenHourCompliant","boolean","YES",,,
"public","driver_hos_logs","elevenHourViolations","json","YES",,,
"public","driver_hos_logs","fourteenHourCompliant","boolean","YES",,,
"public","driver_hos_logs","fourteenHourViolations","json","YES",,,
"public","driver_hos_logs","seventyHourCompliant","boolean","YES",,,
"public","driver_hos_logs","seventyHourViolations","json","YES",,,
"public","driver_hos_logs","thirtyFourHourCompliant","boolean","YES",,,
"public","driver_hos_logs","thirtyFourHourViolations","json","YES",,,
"public","driver_hos_logs","eldDeviceId","character varying","YES",,,
"public","driver_hos_logs","eldProvider","character varying","YES",,,
"public","driver_hos_logs","dataTransferStatus","character varying","YES",,,
"public","driver_hos_logs","isCompliant","boolean","YES",,,
"public","driver_hos_logs","violations","json","YES",,,
"public","driver_hos_logs","violationCount","integer","YES",,,
"public","driver_hos_logs","notes","text","YES",,,
"public","driver_hos_logs","createdAt","timestamp without time zone","YES","now()",,
"public","driver_hos_logs","updatedAt","timestamp without time zone","YES","now()",,
"public","driver_hos_logs","isActive","boolean","YES",,,
"public","driver_settlements","id","integer","NO","nextval('driver_settlements_id_seq'::regclass)",,
"public","driver_settlements","driver_id","character varying","NO",,,
"public","driver_settlements","settlement_period","character varying","NO",,,
"public","driver_settlements","total_miles","double precision","NO",,,
"public","driver_settlements","mileage_rate","double precision","NO",,,
"public","driver_settlements","detention_hours","double precision","YES",,,
"public","driver_settlements","detention_rate","double precision","YES",,,
"public","driver_settlements","fuel_surcharge","double precision","YES",,,
"public","driver_settlements","other_deductions","double precision","YES",,,
"public","driver_settlements","notes","text","YES",,,
"public","driver_settlements","created_at","timestamp without time zone","YES",,,
"public","drivers","id","character varying","NO",,,
"public","drivers","companyId","character varying","YES",,"companies","id"
"public","drivers","firstName","character varying","NO",,,
"public","drivers","lastName","character varying","NO",,,
"public","drivers","email","character varying","NO",,,
"public","drivers","phone","character varying","NO",,,
"public","drivers","licenseNumber","character varying","YES",,,
"public","drivers","licenseClass","character varying","YES",,,
"public","drivers","licenseExpiry","timestamp without time zone","YES",,,
"public","drivers","dateOfBirth","timestamp without time zone","YES",,,
"public","drivers","address","character varying","YES",,,
"public","drivers","city","character varying","YES",,,
"public","drivers","state","character varying","YES",,,
"public","drivers","zipCode","character varying","YES",,,
"public","drivers","emergencyContact","character varying","YES",,,
"public","drivers","emergencyPhone","character varying","YES",,,
"public","drivers","hireDate","timestamp without time zone","YES",,,
"public","drivers","status","character varying","YES","'unlinked'::character varying",,
"public","drivers","payRate","numeric","YES",,,
"public","drivers","payType","character varying","YES",,,
"public","drivers","hoursRemaining","numeric","YES",,,
"public","drivers","currentLocation","character varying","YES",,,
"public","drivers","isActive","boolean","YES","true",,
"public","drivers","createdAt","timestamp without time zone","YES","'2025-08-12 09:47:38.072954'::timestamp without time zone",,
"public","drivers","updatedAt","timestamp without time zone","YES","'2025-08-12 09:47:38.072954'::timestamp without time zone",,
"public","drivers","passwordhash","character varying","YES",,,
"public","drivers","assignedTruckId","integer","YES",,,
"public","drivers","driverappstatus","character varying","YES","'not_invited'::character varying",,
"public","eld_alerts","id","character varying","NO",,,
"public","eld_alerts","companyId","character varying","NO",,"companies","id"
"public","eld_alerts","equipmentId","character varying","NO",,"equipment","id"
"public","eld_alerts","driverId","character varying","YES",,"drivers","id"
"public","eld_alerts","alertType","character varying","NO",,,
"public","eld_alerts","severity","character varying","YES",,,
"public","eld_alerts","title","character varying","NO",,,
"public","eld_alerts","description","text","YES",,,
"public","eld_alerts","alertData","json","YES",,,
"public","eld_alerts","location","character varying","YES",,,
"public","eld_alerts","status","character varying","YES",,,
"public","eld_alerts","acknowledgedBy","character varying","YES",,"users","id"
"public","eld_alerts","acknowledgedAt","timestamp without time zone","YES",,,
"public","eld_alerts","resolvedBy","character varying","YES",,"users","id"
"public","eld_alerts","resolvedAt","timestamp without time zone","YES",,,
"public","eld_alerts","createdAt","timestamp without time zone","YES","now()",,
"public","eld_alerts","updatedAt","timestamp without time zone","YES","now()",,
"public","eld_alerts","isActive","boolean","YES",,,
"public","eld_compliance","id","character varying","NO",,,
"public","eld_compliance","companyId","character varying","NO",,"companies","id"
"public","eld_compliance","driverId","character varying","NO",,"drivers","id"
"public","eld_compliance","equipmentId","character varying","NO",,"equipment","id"
"public","eld_compliance","date","date","NO",,,
"public","eld_compliance","totalDrivingTime","integer","YES",,,
"public","eld_compliance","totalOnDutyTime","integer","YES",,,
"public","eld_compliance","totalOffDutyTime","integer","YES",,,
"public","eld_compliance","totalSleeperTime","integer","YES",,,
"public","eld_compliance","hasViolations","boolean","YES",,,
"public","eld_compliance","violations","json","YES",,,
"public","eld_compliance","violationTypes","json","YES",,,
"public","eld_compliance","isCompliant","boolean","YES",,,
"public","eld_compliance","complianceScore","integer","YES",,,
"public","eld_compliance","auditStatus","character varying","YES",,,
"public","eld_compliance","aiAuditResults","json","YES",,,
"public","eld_compliance","aiRecommendations","text","YES",,,
"public","eld_compliance","aiConfidence","numeric","YES",,,
"public","eld_compliance","exportedAt","timestamp without time zone","YES",,,
"public","eld_compliance","exportFormat","character varying","YES",,,
"public","eld_compliance","exportUrl","character varying","YES",,,
"public","eld_compliance","createdAt","timestamp without time zone","YES","now()",,
"public","eld_compliance","updatedAt","timestamp without time zone","YES","now()",,
"public","eld_compliance","isActive","boolean","YES",,,
"public","employee_benefits","id","character varying","NO",,,
"public","employee_benefits","employeeId","character varying","NO",,"employees","id"
"public","employee_benefits","effectiveDate","character varying","YES",,,
"public","employee_benefits","enrollmentType","character varying","YES",,,
"public","employee_benefits","healthPlan","character varying","YES",,,
"public","employee_benefits","healthCoverageLevel","character varying","YES",,,
"public","employee_benefits","dentalPlan","character varying","YES",,,
"public","employee_benefits","dentalCoverageLevel","character varying","YES",,,
"public","employee_benefits","visionPlan","character varying","YES",,,
"public","employee_benefits","visionCoverageLevel","character varying","YES",,,
"public","employee_benefits","lifeInsuranceAmount","character varying","YES",,,
"public","employee_benefits","adAndDInsurance","integer","YES",,,
"public","employee_benefits","retirement401kContribution","character varying","YES",,,
"public","employee_benefits","rothContribution","character varying","YES",,,
"public","employee_benefits","healthSavingsAccount","character varying","YES",,,
"public","employee_benefits","dependentCareAccount","character varying","YES",,,
"public","employee_benefits","voluntaryBenefits","character varying","YES",,,
"public","employee_benefits","lifeEventReason","character varying","YES",,,
"public","employee_benefits","createdAt","timestamp without time zone","YES","now()",,
"public","employee_benefits","updatedAt","timestamp without time zone","YES","now()",,
"public","employees","id","character varying","NO",,,
"public","employees","companyId","character varying","YES",,"companies","id"
"public","employees","name","character varying","NO",,,
"public","employees","position","character varying","YES",,,
"public","employees","department","character varying","YES",,,
"public","employees","status","character varying","NO","'Active'::character varying",,
"public","employees","hireDate","timestamp without time zone","YES",,,
"public","employees","email","character varying","YES",,,
"public","employees","phone","character varying","YES",,,
"public","employees","cdlClass","character varying","YES",,,
"public","employees","experienceYears","integer","YES","0",,
"public","employees","location","character varying","YES",,,
"public","employees","profileInitials","character varying","YES",,,
"public","employees","createdAt","timestamp without time zone","YES","now()",,
"public","employees","updatedAt","timestamp without time zone","YES","now()",,
"public","equipment","id","character varying","NO",,,
"public","equipment","companyId","character varying","NO",,"companies","id"
"public","equipment","equipmentNumber","character varying","NO",,,
"public","equipment","equipmentType","character varying","NO",,,
"public","equipment","make","character varying","NO",,,
"public","equipment","model","character varying","NO",,,
"public","equipment","year","character varying","NO",,,
"public","equipment","vinNumber","character varying","NO",,,
"public","equipment","plateNumber","character varying","YES",,,
"public","equipment","currentMileage","integer","YES",,,
"public","equipment","engineType","character varying","YES",,,
"public","equipment","fuelType","character varying","YES",,,
"public","equipment","eldProvider","character varying","YES",,,
"public","equipment","eldDeviceId","character varying","YES",,,
"public","equipment","trailerType","character varying","YES",,,
"public","equipment","trailerLength","character varying","YES",,,
"public","equipment","maxWeight","character varying","YES",,,
"public","equipment","registrationState","character varying","YES",,,
"public","equipment","registrationExpiry","timestamp without time zone","YES",,,
"public","equipment","insuranceProvider","character varying","YES",,,
"public","equipment","insurancePolicyNumber","character varying","YES",,,
"public","equipment","insuranceExpiry","timestamp without time zone","YES",,,
"public","equipment","dotNumber","character varying","YES",,,
"public","equipment","mcNumber","character varying","YES",,,
"public","equipment","purchasePrice","numeric","YES",,,
"public","equipment","monthlyPayment","numeric","YES",,,
"public","equipment","assignedDriverId","character varying","YES",,"drivers","id"
"public","equipment","homeTerminal","character varying","YES",,,
"public","equipment","operationalStatus","character varying","YES",,,
"public","equipment","specialFeatures","json","YES",,,
"public","equipment","additionalNotes","text","YES",,,
"public","equipment","status","character varying","YES",,,
"public","equipment","currentLocation","character varying","YES",,,
"public","equipment","createdAt","timestamp without time zone","YES","now()",,
"public","equipment","updatedAt","timestamp without time zone","YES","now()",,
"public","equipment","isActive","boolean","YES",,,
"public","first","version_num","character varying","YES",,,
"public","hq_admins","id","character varying","NO",,,
"public","hq_admins","email","character varying","NO",,,
"public","hq_admins","password_hash","character varying","NO",,,
"public","hq_admins","first_name","character varying","NO",,,
"public","hq_admins","last_name","character varying","NO",,,
"public","hq_admins","role","character varying","NO",,,
"public","hq_admins","is_active","boolean","YES",,,
"public","hq_admins","last_login","timestamp without time zone","YES",,,
"public","hq_admins","created_at","timestamp without time zone","YES","now()",,
"public","hq_admins","updated_at","timestamp without time zone","YES","now()",,
"public","hq_admins","notes","text","YES",,,
"public","insurance_policies","id","character varying","NO",,,
"public","insurance_policies","companyId","character varying","NO",,"companies","id"
"public","insurance_policies","policyNumber","character varying","NO",,,
"public","insurance_policies","policyType","character varying","NO",,,
"public","insurance_policies","insuranceProvider","character varying","NO",,,
"public","insurance_policies","agentName","character varying","YES",,,
"public","insurance_policies","agentPhone","character varying","YES",,,
"public","insurance_policies","agentEmail","character varying","YES",,,
"public","insurance_policies","coverageAmount","numeric","NO",,,
"public","insurance_policies","deductible","numeric","YES",,,
"public","insurance_policies","premium","numeric","NO",,,
"public","insurance_policies","paymentFrequency","character varying","YES",,,
"public","insurance_policies","effectiveDate","date","NO",,,
"public","insurance_policies","expirationDate","date","NO",,,
"public","insurance_policies","renewalDate","date","YES",,,
"public","insurance_policies","status","character varying","YES",,,
"public","insurance_policies","isRenewed","boolean","YES",,,
"public","insurance_policies","policyDocument","character varying","YES",,,
"public","insurance_policies","certificateOfInsurance","character varying","YES",,,
"public","insurance_policies","notes","text","YES",,,
"public","insurance_policies","createdAt","timestamp without time zone","YES","now()",,
"public","insurance_policies","updatedAt","timestamp without time zone","YES","now()",,
"public","insurance_policies","createdBy","character varying","YES",,"users","id"
"public","insurance_policies","isActive","boolean","YES",,,
"public","invoices","id","character varying","NO",,,
"public","invoices","companyId","character varying","NO",,,
"public","invoices","invoiceNumber","character varying","NO",,,
"public","invoices","invoiceDate","date","NO",,,
"public","invoices","consigneePO","character varying","YES",,,
"public","invoices","shipperBL","character varying","YES",,,
"public","invoices","shippingSCAC","character varying","YES",,,
"public","invoices","paymentMethod","character varying","YES",,,
"public","invoices","deliveryDate","date","YES",,,
"public","invoices","actualPickupDate","date","YES",,,
"public","invoices","transportationMethod","character varying","YES",,,
"public","invoices","currencyCode","character varying","YES",,,
"public","invoices","billToName","character varying","NO",,,
"public","invoices","billToAddress","text","NO",,,
"public","invoices","billToCodeType","character varying","YES",,,
"public","invoices","billToCode","character varying","YES",,,
"public","invoices","shipperName","character varying","NO",,,
"public","invoices","shipperAddress","text","NO",,,
"public","invoices","shipperCodeType","character varying","YES",,,
"public","invoices","shipperCode","character varying","YES",,,
"public","invoices","consigneeName","character varying","NO",,,
"public","invoices","consigneeAddress","text","NO",,,
"public","invoices","consigneeCodeType","character varying","YES",,,
"public","invoices","consigneeCode","character varying","YES",,,
"public","invoices","lineItems","json","NO",,,
"public","invoices","routingSequenceCode","character varying","YES",,,
"public","invoices","cityOfExchange","character varying","YES",,,
"public","invoices","equipmentInitial","character varying","YES",,,
"public","invoices","equipmentNumber","character varying","YES",,,
"public","invoices","ladingQty","character varying","YES",,,
"public","invoices","ladingQtyUOM","character varying","YES",,,
"public","invoices","totalWeight","character varying","YES",,,
"public","invoices","totalWeightUOM","character varying","YES",,,
"public","invoices","status","character varying","YES",,,
"public","invoices","totalAmount","numeric","NO",,,
"public","invoices","notes","text","YES",,,
"public","invoices","createdAt","timestamp without time zone","YES","now()",,
"public","invoices","updatedAt","timestamp without time zone","YES","now()",,
"public","load_accessorials","id","uuid","NO",,,
"public","load_accessorials","load_id","character varying","NO",,"loads","id"
"public","load_accessorials","billing_id","uuid","NO",,"load_billing","id"
"public","load_accessorials","company_id","character varying","NO",,"companies","id"
"public","load_accessorials","type","character varying","NO",,,
"public","load_accessorials","description","text","NO",,,
"public","load_accessorials","amount","numeric","NO",,,
"public","load_accessorials","quantity","numeric","YES",,,
"public","load_accessorials","rate","numeric","YES",,,
"public","load_accessorials","is_billable","boolean","YES",,,
"public","load_accessorials","customer_approved","boolean","YES",,,
"public","load_accessorials","approval_date","timestamp without time zone","YES",,,
"public","load_accessorials","approved_by","character varying","YES",,,
"public","load_accessorials","documentation","json","YES",,,
"public","load_accessorials","notes","text","YES",,,
"public","load_accessorials","created_at","timestamp without time zone","YES","now()",,
"public","load_accessorials","updated_at","timestamp without time zone","YES","now()",,
"public","load_accessorials","created_by","character varying","YES",,"users","id"
"public","load_assignments","id","character varying","NO",,,
"public","load_assignments","load_id","character varying","NO",,"loads","id"
"public","load_assignments","company_id","character varying","NO",,"companies","id"
"public","load_assignments","driver_id","character varying","NO",,"drivers","id"
"public","load_assignments","truck_id","character varying","YES",,"trucks","id"
"public","load_assignments","trailer_id","character varying","YES",,,
"public","load_assignments","start_time","timestamp without time zone","YES",,,
"public","load_assignments","end_time","timestamp without time zone","YES",,,
"public","load_assignments","assignment_notes","text","YES",,,
"public","load_assignments","status","character varying","YES",,,
"public","load_assignments","created_at","timestamp without time zone","YES","now()",,
"public","load_assignments","updated_at","timestamp without time zone","YES","now()",,
"public","load_billing","id","uuid","NO",,,
"public","load_billing","load_id","character varying","NO",,"loads","id"
"public","load_billing","company_id","character varying","NO",,"companies","id"
"public","load_billing","base_rate","numeric","NO",,,
"public","load_billing","rate_type","character varying","YES",,,
"public","load_billing","rate_per_mile","numeric","YES",,,
"public","load_billing","total_miles","integer","YES",,,
"public","load_billing","billing_status","character varying","YES",,,
"public","load_billing","invoice_number","character varying","YES",,,
"public","load_billing","invoice_date","timestamp without time zone","YES",,,
"public","load_billing","due_date","timestamp without time zone","YES",,,
"public","load_billing","paid_date","timestamp without time zone","YES",,,
"public","load_billing","customer_name","character varying","NO",,,
"public","load_billing","customer_address","text","YES",,,
"public","load_billing","customer_terms","character varying","YES",,,
"public","load_billing","subtotal","numeric","YES",,,
"public","load_billing","total_accessorials","numeric","YES",,,
"public","load_billing","total_expenses","numeric","YES",,,
"public","load_billing","tax_amount","numeric","YES",,,
"public","load_billing","total_amount","numeric","YES",,,
"public","load_billing","payment_method","character varying","YES",,,
"public","load_billing","factor_company","character varying","YES",,,
"public","load_billing","factor_rate","numeric","YES",,,
"public","load_billing","billing_notes","text","YES",,,
"public","load_billing","internal_notes","text","YES",,,
"public","load_billing","created_at","timestamp without time zone","YES","now()",,
"public","load_billing","updated_at","timestamp without time zone","YES","now()",,
"public","load_billing","created_by","character varying","YES",,"users","id"
"public","load_billing","last_modified_by","character varying","YES",,"users","id"
"public","load_board","id","character varying","NO",,,
"public","load_board","broker_company_id","character varying","NO",,"companies","id"
"public","load_board","load_id","character varying","NO",,"simple_loads","id"
"public","load_board","posted_rate","numeric","NO",,,
"public","load_board","commission_percentage","numeric","NO",,,
"public","load_board","is_available","boolean","YES",,,
"public","load_board","booking_requests","json","YES",,,
"public","load_board","carrier_company_id","character varying","YES",,"companies","id"
"public","load_board","booking_confirmed_at","timestamp without time zone","YES",,,
"public","load_board","created_at","timestamp without time zone","YES",,,
"public","load_board","updated_at","timestamp without time zone","YES",,,
"public","load_bookings","id","character varying","NO",,,
"public","load_bookings","load_board_id","character varying","NO",,"load_board","id"
"public","load_bookings","carrier_company_id","character varying","NO",,"companies","id"
"public","load_bookings","requested_rate","numeric","NO",,,
"public","load_bookings","message","character varying","YES",,,
"public","load_bookings","status","character varying","NO",,,
"public","load_bookings","broker_response","character varying","YES",,,
"public","load_bookings","broker_rate","numeric","YES",,,
"public","load_bookings","created_at","timestamp without time zone","YES",,,
"public","load_bookings","updated_at","timestamp without time zone","YES",,,
"public","loads","id","character varying","NO",,,
"public","loads","companyId","character varying","NO",,"companies","id"
"public","loads","loadNumber","character varying","NO",,,
"public","loads","status","character varying","YES",,,
"public","loads","priority","character varying","YES",,,
"public","loads","customerName","character varying","NO",,,
"public","loads","customerContact","character varying","NO",,,
"public","loads","customerPhone","character varying","NO",,,
"public","loads","customerEmail","character varying","NO",,,
"public","loads","pickupLocation","character varying","NO",,,
"public","loads","pickupAddress","character varying","NO",,,
"public","loads","pickupCity","character varying","NO",,,
"public","loads","pickupState","character varying","NO",,,
"public","loads","pickupZip","character varying","NO",,,
"public","loads","pickupDate","character varying","NO",,,
"public","loads","pickupTime","character varying","NO",,,
"public","loads","pickupWindow","character varying","NO",,,
"public","loads","pickupContact","character varying","NO",,,
"public","loads","pickupPhone","character varying","NO",,,
"public","loads","pickupInstructions","character varying","NO",,,
"public","loads","deliveryLocation","character varying","NO",,,
"public","loads","deliveryAddress","character varying","NO",,,
"public","loads","deliveryCity","character varying","NO",,,
"public","loads","deliveryState","character varying","NO",,,
"public","loads","deliveryZip","character varying","NO",,,
"public","loads","deliveryDate","character varying","NO",,,
"public","loads","deliveryTime","character varying","NO",,,
"public","loads","deliveryWindow","character varying","NO",,,
"public","loads","deliveryContact","character varying","NO",,,
"public","loads","deliveryPhone","character varying","NO",,,
"public","loads","deliveryInstructions","character varying","NO",,,
"public","loads","commodity","character varying","NO",,,
"public","loads","commodityType","character varying","YES",,,
"public","loads","weight","integer","NO",,,
"public","loads","pieces","integer","NO",,,
"public","loads","length","numeric","NO",,,
"public","loads","width","numeric","NO",,,
"public","loads","height","numeric","NO",,,
"public","loads","specialRequirements","character varying","NO",,,
"public","loads","rate","numeric","NO",,,
"public","loads","rateType","character varying","YES",,,
"public","loads","fuelSurcharge","numeric","YES",,,
"public","loads","accessorialCharges","numeric","YES",,,
"public","loads","totalRate","numeric","NO",,,
"public","loads","fuelCost","numeric","YES",,,
"public","loads","driverPay","numeric","YES",,,
"public","loads","distance","integer","NO",,,
"public","loads","estimatedMiles","integer","NO",,,
"public","loads","estimatedDuration","integer","NO",,,
"public","loads","assignedDriverId","character varying","NO",,"drivers","id"
"public","loads","assignedTruckId","character varying","NO",,"trucks","id"
"public","loads","dispatchNotes","character varying","NO",,,
"public","loads","lastUpdate","character varying","NO",,,
"public","loads","estimatedArrival","character varying","NO",,,
"public","loads","proofOfDelivery","character varying","NO",,,
"public","loads","trailerType","character varying","NO",,,
"public","loads","loadCommodity","character varying","NO",,,
"public","loads","isContainerLoad","boolean","YES",,,
"public","loads","containerNumber","character varying","YES",,,
"public","loads","bolNumber","character varying","YES",,,
"public","loads","lfsNumber","character varying","YES",,,
"public","loads","ssl","character varying","YES",,,
"public","loads","vesselName","character varying","YES",,,
"public","loads","portOfLoading","character varying","YES",,,
"public","loads","portOfDischarge","character varying","YES",,,
"public","loads","containerSize","character varying","YES",,,
"public","loads","grossWeight","integer","YES",,,
"public","loads","hazmat","boolean","YES",,,
"public","loads","containerCurrentLocation","character varying","YES",,,
"public","loads","isCustomerHold","boolean","YES",,,
"public","loads","isAvailableForPickup","boolean","YES",,,
"public","loads","chassisRequired","boolean","YES",,,
"public","loads","chassisId","character varying","YES",,,
"public","loads","chassisType","character varying","YES",,,
"public","loads","chassisProvider","character varying","YES",,,
"public","loads","chassisFreeDays","integer","YES",,,
"public","loads","chassisPerDiemRate","numeric","YES",,,
"public","loads","containerFreeDays","integer","YES",,,
"public","loads","containerDemurrageRate","numeric","YES",,,
"public","loads","expressPassRequired","boolean","YES",,,
"public","loads","terminal","character varying","YES",,,
"public","loads","temperature","integer","YES",,,
"public","loads","isFSMACompliant","boolean","YES",,,
"public","loads","preloadChecklistComplete","boolean","YES",,,
"public","loads","liquidType","character varying","YES",,,
"public","loads","washType","character varying","YES",,,
"public","loads","volume","integer","YES",,,
"public","loads","loadLength","numeric","YES",,,
"public","loads","loadWidth","numeric","YES",,,
"public","loads","loadHeight","numeric","YES",,,
"public","loads","tarpRequired","boolean","YES",,,
"public","loads","securementType","character varying","YES",,,
"public","loads","palletCount","integer","YES",,,
"public","loads","isStackable","boolean","YES",,,
"public","loads","sealNumber","character varying","YES",,,
"public","loads","railCarNumber","character varying","YES",,,
"public","loads","portCode","character varying","YES",,,
"public","loads","railroad","character varying","YES",,,
"public","loads","chassisNumber","character varying","YES",,,
"public","loads","steamshipLine","character varying","YES",,,
"public","loads","bookingNumber","character varying","YES",,,
"public","loads","billOfLading","character varying","YES",,,
"public","loads","containerType","character varying","YES",,,
"public","loads","temperatureSettings","character varying","YES",,,
"public","loads","intermodalTracking","character varying","YES",,,
"public","loads","lastPortUpdate","character varying","YES",,,
"public","loads","lastRailUpdate","character varying","YES",,,
"public","loads","isMultiDriverLoad","boolean","YES",,,
"public","loads","dispatchStatus","character varying","YES",,,
"public","loads","createdAt","timestamp without time zone","YES","now()",,
"public","loads","updatedAt","timestamp without time zone","YES","now()",,
"public","loads","dispatchedAt","timestamp without time zone","YES",,,
"public","loads","pickedUpAt","timestamp without time zone","YES",,,
"public","loads","deliveredAt","timestamp without time zone","YES","now()",,
"public","maintenance_schedule","id","character varying","NO",,,
"public","maintenance_schedule","companyId","character varying","NO",,"companies","id"
"public","maintenance_schedule","equipmentId","character varying","NO",,"equipment","id"
"public","maintenance_schedule","title","character varying","NO",,,
"public","maintenance_schedule","description","text","YES",,,
"public","maintenance_schedule","maintenanceType","character varying","NO",,,
"public","maintenance_schedule","priority","character varying","YES",,,
"public","maintenance_schedule","scheduledDate","timestamp without time zone","NO",,,
"public","maintenance_schedule","estimatedDuration","integer","YES",,,
"public","maintenance_schedule","estimatedCost","numeric","YES",,,
"public","maintenance_schedule","isRecurring","boolean","YES",,,
"public","maintenance_schedule","recurrenceType","character varying","YES",,,
"public","maintenance_schedule","recurrenceInterval","integer","YES",,,
"public","maintenance_schedule","nextOccurrence","timestamp without time zone","YES",,,
"public","maintenance_schedule","status","character varying","YES",,,
"public","maintenance_schedule","actualStartDate","timestamp without time zone","YES",,,
"public","maintenance_schedule","actualEndDate","timestamp without time zone","YES",,,
"public","maintenance_schedule","actualCost","numeric","YES",,,
"public","maintenance_schedule","assignedTechnician","character varying","YES",,,
"public","maintenance_schedule","assignedVendor","character varying","YES",,,
"public","maintenance_schedule","vendorContact","character varying","YES",,,
"public","maintenance_schedule","vendorPhone","character varying","YES",,,
"public","maintenance_schedule","location","character varying","YES",,,
"public","maintenance_schedule","notes","text","YES",,,
"public","maintenance_schedule","attachments","json","YES",,,
"public","maintenance_schedule","createdAt","timestamp without time zone","YES","now()",,
"public","maintenance_schedule","updatedAt","timestamp without time zone","YES","now()",,
"public","maintenance_schedule","createdBy","character varying","YES",,"users","id"
"public","maintenance_schedule","isActive","boolean","YES",,,
"public","message_attachments","id","character varying","NO",,,
"public","message_attachments","message_id","character varying","NO",,"messages","id"
"public","message_attachments","filename","character varying","NO",,,
"public","message_attachments","original_filename","character varying","NO",,,
"public","message_attachments","file_type","character varying","NO",,,
"public","message_attachments","file_size","integer","NO",,,
"public","message_attachments","file_path","character varying","NO",,,
"public","message_attachments","thumbnail_path","character varying","YES",,,
"public","message_attachments","mime_type","character varying","NO",,,
"public","message_attachments","uploaded_by","character varying","NO",,"users","id"
"public","message_attachments","created_at","timestamp without time zone","YES",,,
"public","messages","id","character varying","NO",,,
"public","messages","conversation_id","character varying","NO",,"conversations","id"
"public","messages","sender_id","character varying","NO",,,
"public","messages","company_id","character varying","NO",,"companies","id"
"public","messages","content","text","NO",,,
"public","messages","message_type","USER-DEFINED","NO",,,
"public","messages","reply_to_message_id","character varying","YES",,"messages","id"
"public","messages","is_deleted","boolean","YES",,,
"public","messages","deleted_at","timestamp without time zone","YES",,,
"public","messages","created_at","timestamp without time zone","YES","now()",,
"public","messages","updated_at","timestamp without time zone","YES","now()",,
"public","messages","sender_type","character varying","NO","'user'::character varying",,
"public","messenger_admins","id","character varying","NO",,,
"public","messenger_admins","user_id","character varying","NO",,"users","id"
"public","messenger_admins","subscriber_id","character varying","NO",,"subscribers","id"
"public","messenger_admins","can_manage_announcements","boolean","YES",,,
"public","messenger_admins","can_manage_groups","boolean","YES",,,
"public","messenger_admins","can_moderate_messages","boolean","YES",,,
"public","messenger_admins","can_access_ai_settings","boolean","YES",,,
"public","messenger_admins","created_at","timestamp without time zone","YES",,,
"public","messenger_admins","is_active","boolean","YES",,,
"public","onboarding_flows","id","integer","NO","nextval('onboarding_flows_id_seq'::regclass)",,
"public","onboarding_flows","employee_id","character varying","NO",,,
"public","onboarding_flows","employee_name","character varying","NO",,,
"public","onboarding_flows","position","character varying","YES",,,
"public","onboarding_flows","started_at","timestamp without time zone","YES",,,
"public","onboarding_flows","completed_at","timestamp without time zone","YES",,,
"public","onboarding_flows","status","character varying","YES",,,
"public","onboarding_tasks","id","integer","NO","nextval('onboarding_tasks_id_seq'::regclass)",,
"public","onboarding_tasks","flow_id","integer","NO",,"onboarding_flows","id"
"public","onboarding_tasks","name","character varying","NO",,,
"public","onboarding_tasks","order","integer","NO",,,
"public","onboarding_tasks","completed","boolean","YES",,,
"public","onboarding_tasks","completed_at","timestamp without time zone","YES",,,
"public","overtime_approvals","id","integer","NO","nextval('overtime_approvals_id_seq'::regclass)",,
"public","overtime_approvals","employee_id","character varying","NO",,,
"public","overtime_approvals","overtime_hours","double precision","NO",,,
"public","overtime_approvals","overtime_rate","double precision","NO",,,
"public","overtime_approvals","approval_reason","text","NO",,,
"public","overtime_approvals","week_ending","date","NO",,,
"public","overtime_approvals","created_at","timestamp without time zone","YES",,,
"public","payment_methods","id","character varying","NO",,,
"public","payment_methods","company_id","character varying","NO",,"companies","id"
"public","payment_methods","stripe_payment_method_id","character varying","NO",,,
"public","payment_methods","type","character varying","NO",,,
"public","payment_methods","is_default","boolean","YES",,,
"public","payment_methods","card_brand","character varying","YES",,,
"public","payment_methods","card_last4","character varying","YES",,,
"public","payment_methods","card_exp_month","integer","YES",,,
"public","payment_methods","card_exp_year","integer","YES",,,
"public","payment_methods","bank_name","character varying","YES",,,
"public","payment_methods","bank_account_last4","character varying","YES",,,
"public","payment_methods","bank_account_type","character varying","YES",,,
"public","payment_methods","created_at","timestamp without time zone","YES","now()",,
"public","payment_methods","updated_at","timestamp without time zone","YES","now()",,
"public","payroll_entries","id","integer","NO","nextval('payroll_entries_id_seq'::regclass)",,
"public","payroll_entries","run_id","integer","NO",,"payroll_runs","id"
"public","payroll_entries","employee_id","character varying","NO",,,
"public","payroll_entries","employee_name","character varying","NO",,,
"public","payroll_entries","position","character varying","YES",,,
"public","payroll_entries","department","character varying","YES",,,
"public","payroll_entries","regular_hours","double precision","YES",,,
"public","payroll_entries","overtime_hours","double precision","YES",,,
"public","payroll_entries","mileage","double precision","YES",,,
"public","payroll_entries","per_diem","double precision","YES",,,
"public","payroll_entries","gross_pay","double precision","YES",,,
"public","payroll_entries","federal_tax","double precision","YES",,,
"public","payroll_entries","state_tax","double precision","YES",,,
"public","payroll_entries","fica_tax","double precision","YES",,,
"public","payroll_entries","health_insurance","double precision","YES",,,
"public","payroll_entries","retirement_401k","double precision","YES",,,
"public","payroll_entries","other_deductions","double precision","YES",,,
"public","payroll_entries","total_deductions","double precision","YES",,,
"public","payroll_entries","net_pay","double precision","YES",,,
"public","payroll_entries","status","character varying","YES",,,
"public","payroll_entries","pay_period","character varying","YES",,,
"public","payroll_entries","has_w2","integer","YES",,,
"public","payroll_entries","has_1099","integer","YES",,,
"public","payroll_entries","hourly_rate","double precision","YES","25.0",,
"public","payroll_entries","bonus_amount","double precision","YES","0",,
"public","payroll_runs","id","integer","NO","nextval('payroll_runs_id_seq'::regclass)",,
"public","payroll_runs","pay_period_start","date","NO",,,
"public","payroll_runs","pay_period_end","date","NO",,,
"public","payroll_runs","pay_date","date","NO",,,
"public","payroll_runs","payroll_type","character varying","NO",,,
"public","payroll_runs","departments","text","NO",,,
"public","payroll_runs","notes","text","YES",,,
"public","payroll_runs","status","character varying","NO",,,
"public","payroll_runs","created_at","timestamp without time zone","YES",,,
"public","permit_books","id","character varying","NO",,,
"public","permit_books","companyId","character varying","NO",,"companies","id"
"public","permit_books","equipmentId","character varying","YES",,"equipment","id"
"public","permit_books","permitNumber","character varying","NO",,,
"public","permit_books","permitType","character varying","NO",,,
"public","permit_books","issuingAuthority","character varying","NO",,,
"public","permit_books","state","character varying","NO",,,
"public","permit_books","description","text","YES",,,
"public","permit_books","route","text","YES",,,
"public","permit_books","restrictions","text","YES",,,
"public","permit_books","specialConditions","text","YES",,,
"public","permit_books","issueDate","date","NO",,,
"public","permit_books","expirationDate","date","NO",,,
"public","permit_books","renewalDate","date","YES",,,
"public","permit_books","permitFee","numeric","YES",,,
"public","permit_books","processingFee","numeric","YES",,,
"public","permit_books","totalFee","numeric","YES",,,
"public","permit_books","status","character varying","YES",,,
"public","permit_books","isRenewed","boolean","YES",,,
"public","permit_books","permitDocument","character varying","YES",,,
"public","permit_books","applicationDocument","character varying","YES",,,
"public","permit_books","notes","text","YES",,,
"public","permit_books","createdAt","timestamp without time zone","YES","now()",,
"public","permit_books","updatedAt","timestamp without time zone","YES","now()",,
"public","permit_books","createdBy","character varying","YES",,"users","id"
"public","permit_books","isActive","boolean","YES",,,
"public","port_api_usage","id","character varying","NO",,,
"public","port_api_usage","company_id","character varying","NO",,"companies","id"
"public","port_api_usage","port_code","character varying","NO",,,
"public","port_api_usage","operation","character varying","NO",,,
"public","port_api_usage","operation_cost","numeric","NO",,,
"public","port_api_usage","request_params","json","YES",,,
"public","port_api_usage","response_time_ms","integer","YES",,,
"public","port_api_usage","status","character varying","NO",,,
"public","port_api_usage","error_message","text","YES",,,
"public","port_api_usage","billing_month","character varying","NO",,,
"public","port_api_usage","billed","boolean","YES",,,
"public","port_api_usage","user_id","character varying","YES",,"users","id"
"public","port_api_usage","timestamp","timestamp without time zone","YES","now()",,
"public","port_audit_logs","id","character varying","NO",,,
"public","port_audit_logs","port_id","character varying","NO",,"ports","id"
"public","port_audit_logs","company_id","character varying","NO",,"companies","id"
"public","port_audit_logs","credential_id","character varying","YES",,"port_credentials","id"
"public","port_audit_logs","user_id","character varying","YES",,"users","id"
"public","port_audit_logs","action_type","character varying","NO",,,
"public","port_audit_logs","action_status","character varying","NO",,,
"public","port_audit_logs","request_data","json","YES",,,
"public","port_audit_logs","response_code","integer","YES",,,
"public","port_audit_logs","response_time_ms","integer","YES",,,
"public","port_audit_logs","error_message","text","YES",,,
"public","port_audit_logs","ip_address","character varying","YES",,,
"public","port_audit_logs","user_agent","character varying","YES",,,
"public","port_audit_logs","created_at","timestamp without time zone","YES","now()",,
"public","port_credentials","id","character varying","NO",,,
"public","port_credentials","port_id","character varying","NO",,"ports","id"
"public","port_credentials","company_id","character varying","NO",,"companies","id"
"public","port_credentials","encrypted_credentials","text","NO",,,
"public","port_credentials","credential_type","character varying","NO",,,
"public","port_credentials","expires_at","timestamp without time zone","YES",,,
"public","port_credentials","last_validated","timestamp without time zone","YES",,,
"public","port_credentials","validation_status","character varying","YES",,,
"public","port_credentials","rotation_required","boolean","YES",,,
"public","port_credentials","rotation_scheduled_at","timestamp without time zone","YES",,,
"public","port_credentials","consecutive_failures","integer","YES",,,
"public","port_credentials","last_error","text","YES",,,
"public","port_credentials","last_success_at","timestamp without time zone","YES",,,
"public","port_credentials","is_active","boolean","YES",,,
"public","port_credentials","created_by","character varying","YES",,"users","id"
"public","port_credentials","created_at","timestamp without time zone","YES","now()",,
"public","port_credentials","updated_at","timestamp without time zone","YES","now()",,
"public","port_health_checks","id","character varying","NO",,,
"public","port_health_checks","port_id","character varying","NO",,"ports","id"
"public","port_health_checks","status","character varying","NO",,,
"public","port_health_checks","response_time_ms","integer","YES",,,
"public","port_health_checks","consecutive_failures","integer","YES",,,
"public","port_health_checks","last_success_at","timestamp without time zone","YES",,,
"public","port_health_checks","last_failure_at","timestamp without time zone","YES",,,
"public","port_health_checks","failure_reason","text","YES",,,
"public","port_health_checks","failover_active","boolean","YES",,,
"public","port_health_checks","failover_endpoint","character varying","YES",,,
"public","port_health_checks","checked_at","timestamp without time zone","YES","now()",,
"public","ports","id","character varying","NO",,,
"public","ports","port_code","character varying","NO",,,
"public","ports","port_name","character varying","NO",,,
"public","ports","unlocode","character varying","NO",,,
"public","ports","region","character varying","YES",,,
"public","ports","state","character varying","YES",,,
"public","ports","api_endpoint","character varying","NO",,,
"public","ports","api_version","character varying","YES",,,
"public","ports","auth_type","USER-DEFINED","NO",,,
"public","ports","services_supported","json","YES",,,
"public","ports","rate_limits","json","YES",,,
"public","ports","compliance_standards","json","YES",,,
"public","ports","documentation_requirements","json","YES",,,
"public","ports","is_active","boolean","YES",,,
"public","ports","priority","integer","YES",,,
"public","ports","created_at","timestamp without time zone","YES","now()",,
"public","ports","updated_at","timestamp without time zone","YES","now()",,
"public","road_services","id","character varying","NO",,,
"public","road_services","companyId","character varying","NO",,"companies","id"
"public","road_services","equipmentId","character varying","NO",,"equipment","id"
"public","road_services","driverId","character varying","YES",,"drivers","id"
"public","road_services","serviceType","character varying","NO",,,
"public","road_services","priority","character varying","YES",,,
"public","road_services","title","character varying","NO",,,
"public","road_services","description","text","YES",,,
"public","road_services","location","character varying","NO",,,
"public","road_services","latitude","numeric","YES",,,
"public","road_services","longitude","numeric","YES",,,
"public","road_services","contactName","character varying","YES",,,
"public","road_services","contactPhone","character varying","YES",,,
"public","road_services","serviceProvider","character varying","YES",,,
"public","road_services","providerPhone","character varying","YES",,,
"public","road_services","estimatedArrival","timestamp without time zone","YES",,,
"public","road_services","estimatedCost","numeric","YES",,,
"public","road_services","status","character varying","YES",,,
"public","road_services","requestedAt","timestamp without time zone","YES","now()",,
"public","road_services","dispatchedAt","timestamp without time zone","YES",,,
"public","road_services","arrivedAt","timestamp without time zone","YES",,,
"public","road_services","completedAt","timestamp without time zone","YES",,,
"public","road_services","actualCost","numeric","YES",,,
"public","road_services","notes","text","YES",,,
"public","road_services","photos","json","YES",,,
"public","road_services","documents","json","YES",,,
"public","road_services","createdAt","timestamp without time zone","YES","now()",,
"public","road_services","updatedAt","timestamp without time zone","YES","now()",,
"public","road_services","createdBy","character varying","YES",,"users","id"
"public","road_services","isActive","boolean","YES",,,
"public","safer_data","id","character varying","NO",,,
"public","safer_data","companyId","character varying","NO",,"companies","id"
"public","safer_data","dotNumber","character varying","NO",,,
"public","safer_data","legalName","character varying","NO",,,
"public","safer_data","dbaName","character varying","YES",,,
"public","safer_data","address","character varying","YES",,,
"public","safer_data","city","character varying","YES",,,
"public","safer_data","state","character varying","YES",,,
"public","safer_data","zipCode","character varying","YES",,,
"public","safer_data","country","character varying","YES",,,
"public","safer_data","safetyRating","character varying","YES",,,
"public","safer_data","safetyRatingDate","date","YES",,,
"public","safer_data","previousSafetyRating","character varying","YES",,,
"public","safer_data","totalInspections","integer","YES",,,
"public","safer_data","totalInspectionsWithViolations","integer","YES",,,
"public","safer_data","totalViolations","integer","YES",,,
"public","safer_data","totalOutOfServiceViolations","integer","YES",,,
"public","safer_data","totalOutOfServiceViolationsPercentage","numeric","YES",,,
"public","safer_data","totalCrashes","integer","YES",,,
"public","safer_data","fatalCrashes","integer","YES",,,
"public","safer_data","injuryCrashes","integer","YES",,,
"public","safer_data","towAwayCrashes","integer","YES",,,
"public","safer_data","totalVehicles","integer","YES",,,
"public","safer_data","totalDrivers","integer","YES",,,
"public","safer_data","lastReportGenerated","timestamp without time zone","YES",,,
"public","safer_data","reportUrl","character varying","YES",,,
"public","safer_data","portalUrl","character varying","YES",,,
"public","safer_data","createdAt","timestamp without time zone","YES","now()",,
"public","safer_data","updatedAt","timestamp without time zone","YES","now()",,
"public","safer_data","isActive","boolean","YES",,,
"public","simple_loads","id","character varying","NO",,,
"public","simple_loads","companyId","character varying","NO",,,
"public","simple_loads","loadNumber","character varying","NO",,,
"public","simple_loads","customerName","character varying","NO",,,
"public","simple_loads","pickupLocation","character varying","NO",,,
"public","simple_loads","deliveryLocation","character varying","NO",,,
"public","simple_loads","pickupDate","timestamp without time zone","YES",,,
"public","simple_loads","deliveryDate","timestamp without time zone","YES",,,
"public","simple_loads","pickuptime","timestamp without time zone","YES",,,
"public","simple_loads","deliverytime","timestamp without time zone","YES",,,
"public","simple_loads","rate","numeric","YES",,,
"public","simple_loads","notes","character varying","YES",,,
"public","simple_loads","status","character varying","YES",,,
"public","simple_loads","assignedDriverId","character varying","YES",,,
"public","simple_loads","assignedTruckId","character varying","YES",,,
"public","simple_loads","createdAt","timestamp without time zone","YES","now()",,
"public","simple_loads","updatedAt","timestamp without time zone","YES","now()",,
"public","simple_loads","isActive","boolean","YES",,,
"public","simple_loads","meta","json","YES",,,
"public","simple_loads","priority","character varying","YES","'normal'::character varying",,
"public","simple_loads","truckAssignmentStatus","character varying","YES","'truck_assignment_required'::text",,
"public","simple_loads","truckAssignmentTime","timestamp without time zone","YES",,,
"public","simple_loads","driverConfirmationTime","timestamp without time zone","YES",,,
"public","simple_loads","trailerSetupTime","timestamp without time zone","YES",,,
"public","simple_loads","truckConfirmationTime","timestamp without time zone","YES",,,
"public","simple_loads","pickupStatus","character varying","YES","'pending'::character varying",,
"public","simple_loads","deliveryStatus","character varying","YES",,,
"public","simple_loads","navigationStartTime","timestamp without time zone","YES",,,
"public","simple_loads","pickupArrivalTime","timestamp without time zone","YES",,,
"public","simple_loads","trailerConfirmationTime","timestamp without time zone","YES",,,
"public","simple_loads","containerConfirmationTime","timestamp without time zone","YES",,,
"public","simple_loads","pickupConfirmationTime","timestamp without time zone","YES",,,
"public","simple_loads","departureTime","timestamp without time zone","YES",,,
"public","simple_loads","billOfLadingUrl","character varying","YES",,,
"public","simple_loads","pickupNotes","character varying","YES",,,
"public","simple_loads","arrivalTime","timestamp without time zone","YES",,,
"public","simple_loads","dockingTime","timestamp without time zone","YES",,,
"public","simple_loads","unloadingStartTime","timestamp without time zone","YES",,,
"public","simple_loads","unloadingEndTime","timestamp without time zone","YES",,,
"public","simple_loads","deliveryTime","timestamp without time zone","YES",,,
"public","simple_loads","proofOfDeliveryUrl","character varying","YES",,,
"public","simple_loads","recipientName","character varying","YES",,,
"public","simple_loads","deliveryNotes","character varying","YES",,,
"public","simple_loads","current_driver_latitude","double precision","YES",,,
"public","simple_loads","current_driver_longitude","double precision","YES",,,
"public","simple_loads","last_location_update","timestamp without time zone","YES",,,
"public","simple_loads","actual_pickup_latitude","double precision","YES",,,
"public","simple_loads","actual_pickup_longitude","double precision","YES",,,
"public","simple_loads","actual_pickup_time","timestamp without time zone","YES",,,
"public","simple_loads","actual_delivery_latitude","double precision","YES",,,
"public","simple_loads","actual_delivery_longitude","double precision","YES",,,
"public","simple_loads","actual_delivery_time","timestamp without time zone","YES",,,
"public","simple_loads","route_history","json","YES",,,
"public","stripe_customers","id","character varying","NO",,,
"public","stripe_customers","company_id","character varying","NO",,"companies","id"
"public","stripe_customers","stripe_customer_id","character varying","NO",,,
"public","stripe_customers","email","character varying","NO",,,
"public","stripe_customers","name","character varying","YES",,,
"public","stripe_customers","phone","character varying","YES",,,
"public","stripe_customers","address_line1","character varying","YES",,,
"public","stripe_customers","address_line2","character varying","YES",,,
"public","stripe_customers","city","character varying","YES",,,
"public","stripe_customers","state","character varying","YES",,,
"public","stripe_customers","postal_code","character varying","YES",,,
"public","stripe_customers","country","character varying","YES",,,
"public","stripe_customers","created_at","timestamp without time zone","YES","now()",,
"public","stripe_customers","updated_at","timestamp without time zone","YES","now()",,
"public","stripe_invoices","id","character varying","NO",,,
"public","stripe_invoices","company_id","character varying","NO",,"companies","id"
"public","stripe_invoices","stripe_invoice_id","character varying","NO",,,
"public","stripe_invoices","stripe_subscription_id","character varying","YES",,,
"public","stripe_invoices","amount_due","numeric","NO",,,
"public","stripe_invoices","amount_paid","numeric","YES",,,
"public","stripe_invoices","amount_remaining","numeric","YES",,,
"public","stripe_invoices","currency","character varying","NO",,,
"public","stripe_invoices","status","character varying","NO",,,
"public","stripe_invoices","paid","boolean","YES",,,
"public","stripe_invoices","paid_at","timestamp without time zone","YES",,,
"public","stripe_invoices","due_date","timestamp without time zone","YES",,,
"public","stripe_invoices","invoice_pdf","character varying","YES",,,
"public","stripe_invoices","hosted_invoice_url","character varying","YES",,,
"public","stripe_invoices","created_at","timestamp without time zone","YES","now()",,
"public","stripe_invoices","updated_at","timestamp without time zone","YES","now()",,
"public","stripe_webhook_events","id","character varying","NO",,,
"public","stripe_webhook_events","stripe_event_id","character varying","NO",,,
"public","stripe_webhook_events","event_type","character varying","NO",,,
"public","stripe_webhook_events","processed","boolean","YES",,,
"public","stripe_webhook_events","processing_error","text","YES",,,
"public","stripe_webhook_events","event_data","text","YES",,,
"public","stripe_webhook_events","created_at","timestamp without time zone","YES","now()",,
"public","stripe_webhook_events","processed_at","timestamp without time zone","YES",,,
"public","subscribers","id","character varying","NO",,,
"public","subscribers","name","character varying","NO",,,
"public","subscribers","primary_admin_id","character varying","YES",,"users","id"
"public","subscribers","subscription_tier","character varying","NO",,,
"public","subscribers","created_at","timestamp without time zone","YES",,,
"public","subscribers","updated_at","timestamp without time zone","YES",,,
"public","subscribers","is_active","boolean","YES",,,
"public","subscription_plans","id","character varying","NO",,,
"public","subscription_plans","name","character varying","NO",,,
"public","subscription_plans","stripe_price_id","character varying","NO",,,
"public","subscription_plans","description","text","YES",,,
"public","subscription_plans","price_monthly","numeric","NO",,,
"public","subscription_plans","price_yearly","numeric","YES",,,
"public","subscription_plans","interval","character varying","NO",,,
"public","subscription_plans","features","text","YES",,,
"public","subscription_plans","max_users","integer","YES",,,
"public","subscription_plans","max_vehicles","integer","YES",,,
"public","subscription_plans","is_active","boolean","YES",,,
"public","subscription_plans","is_popular","boolean","YES",,,
"public","subscription_plans","sort_order","integer","YES",,,
"public","subscription_plans","created_at","timestamp without time zone","YES","now()",,
"public","subscription_plans","updated_at","timestamp without time zone","YES","now()",,
"public","team_invitations","id","character varying","NO",,,
"public","team_invitations","company_id","character varying","NO",,"companies","id"
"public","team_invitations","inviter_id","character varying","NO",,"users","id"
"public","team_invitations","invitee_email","character varying","NO",,,
"public","team_invitations","status","character varying","NO","'pending'::character varying",,
"public","team_invitations","role","character varying","YES","'user'::character varying",,
"public","team_invitations","invited_at","timestamp without time zone","YES","CURRENT_TIMESTAMP",,
"public","team_invitations","responded_at","timestamp without time zone","YES",,,
"public","team_invitations","expires_at","timestamp without time zone","YES","(CURRENT_TIMESTAMP + '7 days'::interval)",,
"public","team_invitations","created_at","timestamp without time zone","YES","CURRENT_TIMESTAMP",,
"public","team_invitations","updated_at","timestamp without time zone","YES","CURRENT_TIMESTAMP",,
"public","team_members","id","character varying","NO",,,
"public","team_members","team_id","character varying","NO",,"teams","id"
"public","team_members","member_id","character varying","NO",,,
"public","team_members","member_type","character varying","NO",,,
"public","team_members","role","character varying","NO",,,
"public","team_members","is_active","boolean","YES",,,
"public","team_members","joined_at","timestamp without time zone","YES","now()",,
"public","team_members","updated_at","timestamp without time zone","YES","now()",,
"public","teams","id","character varying","NO",,,
"public","teams","company_id","character varying","NO",,"companies","id"
"public","teams","name","character varying","NO",,,
"public","teams","description","text","YES",,,
"public","teams","is_private","boolean","YES",,,
"public","teams","is_active","boolean","YES",,,
"public","teams","member_count","integer","YES",,,
"public","teams","created_at","timestamp without time zone","YES","now()",,
"public","teams","updated_at","timestamp without time zone","YES","now()",,
"public","teams","created_by","character varying","NO",,,
"public","teams","created_by_type","character varying","NO",,,
"public","trucks","id","character varying","NO",,,
"public","trucks","companyId","character varying","NO",,"companies","id"
"public","trucks","truckNumber","character varying","NO",,,
"public","trucks","make","character varying","NO",,,
"public","trucks","model","character varying","NO",,,
"public","trucks","year","integer","NO",,,
"public","trucks","vin","character varying","NO",,,
"public","trucks","licensePlate","character varying","NO",,,
"public","trucks","registrationState","character varying","YES",,,
"public","trucks","status","character varying","YES",,,
"public","trucks","createdAt","timestamp without time zone","YES","'2025-08-12 09:47:38.072954'::timestamp without time zone",,
"public","trucks","updatedAt","timestamp without time zone","YES","'2025-08-12 09:47:38.072954'::timestamp without time zone",,
"public","trucks","fuelType","character varying","YES",,,
"public","trucks","fuelEfficiency","numeric","YES",,,
"public","trucks","maintenanceStatus","character varying","YES",,,
"public","trucks","lastMaintenanceDate","timestamp without time zone","YES",,,
"public","trucks","nextMaintenanceDate","timestamp without time zone","YES",,,
"public","trucks","insuranceProvider","character varying","YES",,,
"public","trucks","insurancePolicyNumber","character varying","YES",,,
"public","trucks","insuranceExpiry","timestamp without time zone","YES",,,
"public","trucks","isActive","boolean","YES","true",,
"public","users","id","character varying","NO",,,
"public","users","email","character varying","YES",,,
"public","users","firstname","character varying","YES",,,
"public","users","lastname","character varying","YES",,,
"public","users","password","character varying","NO",,,
"public","users","phone","character varying","YES",,,
"public","users","role","character varying","YES",,,
"public","users","companyid","character varying","YES",,"companies","id"
"public","users","isactive","boolean","YES",,,
"public","users","lastlogin","timestamp without time zone","YES",,,
"public","users","createdat","timestamp without time zone","YES",,,
"public","users","updatedat","timestamp without time zone","YES",,,
"public","users","emailverified","boolean","YES","false",,
"public","users","activationtoken","character varying","YES",,,
"public","users","activationtokenexpiry","timestamp without time zone","YES",,,
"public","vendors","id","character varying","NO",,,
"public","vendors","companyId","character varying","NO",,,
"public","vendors","title","character varying","YES",,,
"public","vendors","firstName","character varying","YES",,,
"public","vendors","middleName","character varying","YES",,,
"public","vendors","lastName","character varying","YES",,,
"public","vendors","suffix","character varying","YES",,,
"public","vendors","company","character varying","YES",,,
"public","vendors","displayName","character varying","NO",,,
"public","vendors","printOnCheck","character varying","YES",,,
"public","vendors","address","character varying","YES",,,
"public","vendors","city","character varying","YES",,,
"public","vendors","state","character varying","YES",,,
"public","vendors","zipCode","character varying","YES",,,
"public","vendors","country","character varying","YES",,,
"public","vendors","email","character varying","YES",,,
"public","vendors","phone","character varying","YES",,,
"public","vendors","mobile","character varying","YES",,,
"public","vendors","fax","character varying","YES",,,
"public","vendors","other","character varying","YES",,,
"public","vendors","website","character varying","YES",,,
"public","vendors","billingRate","numeric","YES",,,
"public","vendors","terms","character varying","YES",,,
"public","vendors","openingBalance","numeric","YES",,,
"public","vendors","balanceAsOf","date","YES",,,
"public","vendors","accountNumber","character varying","YES",,,
"public","vendors","taxId","character varying","YES",,,
"public","vendors","trackPaymentsFor1099","boolean","YES","false",,
"public","vendors","isActive","boolean","YES","true",,
"public","vendors","createdAt","timestamp without time zone","YES","CURRENT_TIMESTAMP",,
"public","vendors","updatedAt","timestamp without time zone","YES","CURRENT_TIMESTAMP",,
